{
  "train_loss": [
    1.8653294940399092,
    1.451683732179495,
    1.3054088059601523,
    1.2118237252853883,
    1.1717369597926024,
    1.0959500967954263,
    1.047244378049209,
    0.9995017859589043,
    0.9672825057676573,
    0.9408489564775684,
    0.9132052079671424,
    0.8477647802523185,
    0.8446431884198026,
    0.8461339705650355,
    0.8216452000517313,
    0.8140736137595758,
    0.791506112090394,
    0.7701331085532251,
    0.7433793799452806,
    0.7247648275280052
  ],
  "train_acc": [
    0.3015160022459292,
    0.4576080853453116,
    0.5109489051094891,
    0.5362156092083099,
    0.562605277933745,
    0.5895564289724874,
    0.626614261650758,
    0.6282987085906794,
    0.6378439079169006,
    0.6535654126895003,
    0.6659180235822572,
    0.6945536215609208,
    0.678270634475014,
    0.6934306569343066,
    0.699606962380685,
    0.6979225154407637,
    0.7018528916339135,
    0.7108366086468276,
    0.7215047725996631,
    0.7248736664795059
  ],
  "test_loss": [
    1.492162162257779,
    1.3336529443340917,
    1.2357643804242533,
    1.1752550871141496,
    1.1229919945040057,
    1.0912204663599692,
    1.0814755087898624,
    1.056431588626677,
    1.0551626706315624,
    1.0461790100220711,
    1.0466378110070382,
    1.0100814882786042,
    1.029441491250069,
    1.0045946922994429,
    1.009117075512486,
    0.9936483492774348,
    0.9938415096652123,
    1.0109494203521359,
    1.0082118636177433,
    0.9858414761481746
  ],
  "test_acc": [
    0.4647177419354839,
    0.5080645161290323,
    0.5534274193548387,
    0.5735887096774194,
    0.5786290322580645,
    0.5977822580645161,
    0.594758064516129,
    0.5987903225806451,
    0.6098790322580645,
    0.6068548387096774,
    0.6088709677419355,
    0.6391129032258065,
    0.6199596774193549,
    0.6350806451612904,
    0.6270161290322581,
    0.6401209677419355,
    0.6451612903225806,
    0.6360887096774194,
    0.6360887096774194,
    0.6512096774193549
  ],
  "test_precision": [
    0.5016527657640664,
    0.5576117525427087,
    0.5976331613794041,
    0.5991484164420832,
    0.6155622181352132,
    0.6374624134437696,
    0.6248729819330179,
    0.617391027242402,
    0.62459385403375,
    0.6205351923062565,
    0.6589926016238535,
    0.6681903769370479,
    0.6421805788721348,
    0.6443182964285357,
    0.6317514534255605,
    0.6547812281717597,
    0.6560148945634148,
    0.6472945656414322,
    0.652148854908958,
    0.6666673812693945
  ],
  "test_recall": [
    0.46296801852357405,
    0.5065014509458954,
    0.5518235407124297,
    0.5722778333889444,
    0.5779127612460946,
    0.5967649467649468,
    0.5937983437983438,
    0.5978306589417701,
    0.608682419793531,
    0.6063300674411786,
    0.6081465303687525,
    0.638268571601905,
    0.6191742247297802,
    0.6346816513483181,
    0.6266352210796655,
    0.639350967128745,
    0.6444591055702166,
    0.6355522188855522,
    0.6350239128016906,
    0.6502972669639336
  ],
  "test_f1": [
    0.44142952784106015,
    0.49804578938402627,
    0.5487687132170981,
    0.5648801376485467,
    0.5772564511255843,
    0.6030394986918179,
    0.5948186373248667,
    0.6001657883950842,
    0.6050301895953446,
    0.6060488293379215,
    0.6189796754785538,
    0.641469570334695,
    0.6236754849444662,
    0.6333684166239744,
    0.6221029882980406,
    0.642144042400631,
    0.6429228254976802,
    0.6366331927640216,
    0.6354236579607307,
    0.6524196362326664
  ]
}