{
  "best_epoch": 19,
  "best_test_acc": 0.6512096774193549,
  "best_test_f1": 0.6524196362326664,
  "best_test_precision": 0.6666673812693945,
  "best_test_recall": 0.6502972669639336,
  "num_classes": 9,
  "classes": [
    "collective_anomaly",
    "contextual_anomaly",
    "deterministic_trend",
    "mean_shift",
    "point_anomaly",
    "stochastic_trend",
    "trend_shift",
    "variance_shift",
    "volatility"
  ],
  "freeze_encoder": true,
  "confusion_matrix": [
    [
      54,
      2,
      0,
      8,
      37,
      0,
      1,
      2,
      4
    ],
    [
      2,
      104,
      0,
      0,
      5,
      0,
      0,
      0,
      0
    ],
    [
      0,
      0,
      85,
      3,
      1,
      10,
      12,
      0,
      0
    ],
    [
      13,
      9,
      1,
      62,
      13,
      0,
      6,
      4,
      2
    ],
    [
      14,
      5,
      0,
      7,
      63,
      1,
      2,
      4,
      15
    ],
    [
      1,
      2,
      7,
      4,
      0,
      77,
      19,
      0,
      1
    ],
    [
      1,
      2,
      11,
      9,
      1,
      5,
      81,
      0,
      1
    ],
    [
      6,
      4,
      0,
      3,
      12,
      3,
      3,
      63,
      17
    ],
    [
      2,
      7,
      0,
      1,
      31,
      0,
      1,
      9,
      57
    ]
  ]
}