{
  "train_loss": [
    26275.9326171875,
    17732.329729352678,
    12565.387939453125,
    9034.014613560268,
    6769.929704938616,
    5231.909615652902,
    4132.579559326172,
    3352.8687351771764,
    2834.2972019740514,
    2498.609636579241,
    2235.703070504325,
    2053.8592681884766,
    1916.7454463413783,
    1807.2368796212334,
    1722.456562587193,
    1646.7653547014509,
    1589.753899710519,
    1539.161845615932,
    1489.3497510637555,
    1456.1306828090123,
    1415.4495915004186,
    1378.120374407087,
    1362.334243774414,
    1319.1332114083427,
    1305.4010162353516,
    1282.3934805733818,
    1255.973861694336,
    1259.595227922712,
    1223.1373901367188,
    1196.7659737723213,
    1198.608193533761,
    1171.7924107142858,
    1159.2002879551478,
    1162.0768443516322,
    1147.5480499267578,
    1123.8686686924525,
    1114.0721860613141,
    1093.2588424682617,
    1082.559684753418,
    1060.0613970075335,
    1054.9374247959681,
    1041.6742183140345,
    1031.7973273141045,
    1017.6011919294085,
    1007.9695162091937,
    993.2224404471261,
    985.9071633475168,
    984.3019648960659,
    966.475469316755,
    952.902209690639
  ],
  "train_recon_loss": [
    26117.395472935266,
    17656.429565429688,
    12491.898821149554,
    8965.763567243304,
    6701.942940848215,
    5166.791259765625,
    4060.23868233817,
    3287.876438685826,
    2775.1351579938614,
    2432.569854736328,
    2171.2114759172714,
    1987.8089904785156,
    1850.835721697126,
    1741.0008217947823,
    1652.7294355119977,
    1580.508760724749,
    1523.4169398716517,
    1471.797816685268,
    1423.1948765345983,
    1386.6007973807198,
    1346.273426600865,
    1309.3317369733538,
    1290.190405709403,
    1247.098140171596,
    1230.7234758649554,
    1206.1419187273298,
    1180.1639360700335,
    1178.3754708426338,
    1143.7401166643415,
    1117.81625693185,
    1115.9328754970006,
    1089.9519075666155,
    1075.9094728742327,
    1077.2231434413366,
    1061.426911490304,
    1038.018072945731,
    1025.4148167201452,
    1003.7528097970145,
    992.3019638061523,
    969.5077013288226,
    962.0477120535714,
    947.1560320172991,
    936.158079964774,
    922.9237343924386,
    910.3026569911411,
    896.1724428449359,
    886.3646545410156,
    883.0895287649972,
    865.6901408604214,
    850.6596330915179
  ],
  "train_kl_loss": [
    158.53711530140467,
    75.90020016261509,
    73.4890901701791,
    68.25105885096959,
    67.98676770074027,
    65.11835377556937,
    72.34084721973964,
    64.99229185921806,
    59.16204881668091,
    66.03978449957711,
    64.4915988104684,
    66.05027355466571,
    65.90972525732857,
    66.23605230876377,
    69.72712979997907,
    66.2565860748291,
    66.33695786339896,
    67.36402750015259,
    66.15487521035331,
    69.52987963812691,
    69.17617171151298,
    68.7886403628758,
    72.14383445467267,
    72.03507089614868,
    74.67754132407052,
    76.25156382152012,
    75.80993386677333,
    81.21974781581334,
    79.39726672853742,
    78.94972494670323,
    82.67531408582416,
    81.84050042288644,
    83.29080826895577,
    84.85370486123222,
    86.12114143371582,
    85.85059465680804,
    88.65737506321499,
    89.50603580474854,
    90.2577201298305,
    90.55369690486363,
    92.88971042633057,
    94.51818098340716,
    95.63924462454659,
    94.67746012551444,
    97.66685567583356,
    97.04999692099435,
    99.54250744410923,
    101.21243722098214,
    100.78533049992153,
    102.24257060459682
  ],
  "test_loss": [
    21068.29208669355,
    14739.774067540322,
    10664.961945564517,
    7781.8086095010085,
    5970.993920110887,
    4775.983603200605,
    3628.6298119329635,
    2995.6079022807457,
    2605.6648342993954,
    2297.6771909652216,
    2079.259312783518,
    1933.0094309160786,
    1850.9512191280241,
    1817.5620235320062,
    1649.9308530745968,
    1593.4922957881804,
    1544.185292889995,
    1491.4446726152973,
    1458.523209110383,
    1423.693121141003,
    1406.7723152406754,
    1367.5238037109375,
    1353.5464694115424,
    1337.806882796749,
    1303.3589497227822,
    1282.7194942351312,
    1268.7901178175402,
    1266.5084208826866,
    1238.7213036321825,
    1221.8188279674898,
    1216.8510289346018,
    1199.9271141790575,
    1202.4971884450604,
    1219.7267721852947,
    1182.3959222608996,
    1167.3240513955393,
    1159.168712000693,
    1158.1339898878527,
    1140.514372794859,
    1122.1441404281125,
    1126.6006331905241,
    1121.249471356792,
    1118.413812452747,
    1110.2142796670237,
    1101.0743093182964,
    1099.1756286621094,
    1095.7762224751134,
    1086.8111660865045,
    1090.88232421875,
    1092.2867313508063
  ],
  "test_recon_loss": [
    21005.608933971773,
    14658.49943296371,
    10552.805412046371,
    7723.634671118952,
    5910.513120589718,
    4711.083291330645,
    3568.5352822580644,
    2940.2960008190526,
    2534.4542866368447,
    2244.9312310987902,
    2018.0419134324598,
    1876.0100570186491,
    1793.6860705960182,
    1746.3908967048892,
    1589.1293492471018,
    1531.5295961441532,
    1477.877181514617,
    1430.7323372133317,
    1400.0440673828125,
    1360.4387817382812,
    1337.4939358618951,
    1300.219718686996,
    1286.5678258096018,
    1271.6810164913054,
    1233.7371944304437,
    1210.2278363627772,
    1199.0303659746723,
    1192.5572234122983,
    1171.9150036227318,
    1145.152341781124,
    1143.6578782604586,
    1120.2557697911416,
    1126.200675718246,
    1131.1487800844254,
    1097.825471939579,
    1087.8912353515625,
    1079.6932825888357,
    1072.1993585401965,
    1060.4833413400959,
    1042.3144905336442,
    1046.6945840158771,
    1036.9784132434477,
    1033.2254806026335,
    1023.6285705566406,
    1015.1595901981477,
    1013.8705759356098,
    1004.7640213504915,
    995.9636939264113,
    998.5521023658014,
    997.7652902910786
  ],
  "test_kl_loss": [
    62.68317844021705,
    81.27465494217411,
    112.15654822318784,
    58.17392669185515,
    60.480780755319905,
    64.90030873206354,
    60.094544256887126,
    55.31189604728453,
    71.2105263125512,
    52.74596528084047,
    61.21740501157699,
    56.99938804872574,
    57.26513862609863,
    71.17112461213142,
    60.801497182538434,
    61.96270745800388,
    66.30812811082409,
    60.71234635383852,
    58.479137174544796,
    63.25434844724594,
    69.27837593324723,
    67.30408896169355,
    66.97864655525454,
    66.12587307345483,
    69.62175984536448,
    72.49165713402533,
    69.75975061232045,
    73.95118910266507,
    66.80630142458024,
    76.66648704774919,
    73.19315719604492,
    79.67134438791582,
    76.29652035620904,
    88.57799640778572,
    84.57045567420221,
    79.43281081414992,
    79.47542615090647,
    85.93462433353547,
    80.03103256225586,
    79.8296430649296,
    79.90605249712544,
    84.27106451219127,
    85.18832612806752,
    86.58569938905778,
    85.91471530545142,
    85.30504220531833,
    91.0121960793772,
    90.84747388285976,
    92.33023218954763,
    94.52143576837355
  ]
}